<?xml version="1.0" encoding="UTF-8" standalone="yes"?>
<service serviceGroup="" cachable="false" cacheduration="" description="" endpoint="default" groupType="" id="getStandingOrders" passwordencrypted="false" security="authorized_app_user" type="dataAdapterConnector" smscode="" smsenabled="false">
    <service-config>
        <config-param api-version="" appid="" name="preprocessorname" value=""/>
        <config-param api-version="" appid="" name="postprocessorname" value=""/>
        <config-param api-version="" appid="" name="preprocessorJS" value=""/>
        <config-param api-version="" appid="" name="postprocessorJS" value=""/>
        <config-param api-version="" appid="" name="preprocessorRules" value=""/>
        <config-param api-version="" appid="" name="postprocessorRules" value=""/>
        <config-param api-version="" appid="" name="kony_http_supported_methods" value="POST"/>
        <config-param api-version="" appid="" name="endpointUrl" value=""/>
        <config-param api-version="" appid="" name="opcode" value="service"/>
        <config-param api-version="" appid="" name="sockettimeout" value=""/>
        <config-param api-version="" appid="" name="entitymetadata" value="{&quot;name&quot;:&quot;getStandingOrders&quot;,&quot;serviceType&quot;:&quot;com.kony.adapter.swagger.SwaggerService&quot;}"/>
        <config-param api-version="" appid="" name="metadataformatterobject" value="{&quot;serviceType&quot;:&quot;com.kony.adapter.swagger.SwaggerService&quot;,&quot;serviceOutput&quot;:[{&quot;name&quot;:&quot;header&quot;,&quot;serviceElementTypeList&quot;:[{&quot;name&quot;:&quot;audit&quot;,&quot;serviceElementTypeList&quot;:[{&quot;name&quot;:&quot;T24_time&quot;},{&quot;name&quot;:&quot;versionNumber&quot;},{&quot;name&quot;:&quot;parse_time&quot;}]},{&quot;name&quot;:&quot;page_size&quot;},{&quot;name&quot;:&quot;page_start&quot;},{&quot;name&quot;:&quot;total_size&quot;},{&quot;name&quot;:&quot;page_token&quot;}]},{&quot;name&quot;:&quot;body&quot;,&quot;serviceElementTypeList&quot;:[{&quot;name&quot;:&quot;displayNames&quot;,&quot;serviceElementTypeList&quot;:[{&quot;name&quot;:&quot;displayName&quot;}]},{&quot;name&quot;:&quot;accountWithBanks&quot;,&quot;serviceElementTypeList&quot;:[{&quot;name&quot;:&quot;accountWithBank&quot;}]},{&quot;name&quot;:&quot;standingOrderId&quot;},{&quot;name&quot;:&quot;orderType&quot;},{&quot;name&quot;:&quot;paymentMethod&quot;},{&quot;name&quot;:&quot;currencyId&quot;},{&quot;name&quot;:&quot;amount&quot;},{&quot;name&quot;:&quot;currentFrequency&quot;},{&quot;name&quot;:&quot;counterPartyAccountId&quot;},{&quot;name&quot;:&quot;beneficiaryId&quot;},{&quot;name&quot;:&quot;payTo&quot;},{&quot;name&quot;:&quot;currentFrequencyDate&quot;},{&quot;name&quot;:&quot;frequency&quot;},{&quot;name&quot;:&quot;startDate&quot;},{&quot;name&quot;:&quot;currentEndDate&quot;},{&quot;name&quot;:&quot;futureNotice&quot;},{&quot;name&quot;:&quot;creditAccountId&quot;},{&quot;name&quot;:&quot;creditAccountName&quot;},{&quot;name&quot;:&quot;bankSortCode&quot;},{&quot;name&quot;:&quot;stoStartDate&quot;},{&quot;name&quot;:&quot;beneficiaryBIC&quot;},{&quot;name&quot;:&quot;beneficiaryIBAN&quot;},{&quot;name&quot;:&quot;beneficiaryOurCharges&quot;},{&quot;name&quot;:&quot;paymentOrderProductName&quot;},{&quot;name&quot;:&quot;beneficiaryCountryId&quot;},{&quot;name&quot;:&quot;versionNumber&quot;}]}],&quot;qualifiedName&quot;:&quot;getStandingOrders&quot;,&quot;name&quot;:&quot;getStandingOrders&quot;,&quot;serviceInput&quot;:[{&quot;name&quot;:&quot;userid&quot;},{&quot;name&quot;:&quot;pwd&quot;},{&quot;name&quot;:&quot;debitCustomerId&quot;},{&quot;name&quot;:&quot;standingOrderId&quot;},{&quot;name&quot;:&quot;accountId&quot;},{&quot;name&quot;:&quot;orderingCustomerId&quot;},{&quot;name&quot;:&quot;page_size&quot;},{&quot;name&quot;:&quot;page_start&quot;},{&quot;name&quot;:&quot;page_token&quot;},{&quot;name&quot;:&quot;credentials&quot;},{&quot;name&quot;:&quot;companyId&quot;}],&quot;listOfHeaders&quot;:[{&quot;name&quot;:&quot;Accept&quot;},{&quot;name&quot;:&quot;apikey&quot;}]}"/>
        <config-param api-version="" appid="" name="isCustomQuery" value="false"/>
        <config-param api-version="" appid="" name="customQuery" value=""/>
        <config-param api-version="" appid="" name="http_auth_mode" value="none"/>
        <config-param api-version="" appid="" name="zipName" value="order-standingOrders-service-v1.0.0-swagger.json"/>
        <config-param api-version="" appid="" name="authservicetype" value="IdentityProvider"/>
        <config-param api-version="" appid="" name="adaptertype" value="CUSTOM"/>
        <config-param api-version="" appid="" name="basepackage" value="com.kony.adapter.swagger"/>
        <config-param api-version="" appid="" name="identityProviderType" value=""/>
        <config-param api-version="" appid="" name="identityProvider" value=""/>
    </service-config>
    <service-input passthrough="false">
        <header datatype="" name="" passthrough="false">
            <param datatype="string" defaultvalue="gZ8PeGprpa1jORBL14qYqKx18qauapRH" description="" encode="false" format="None" formatvalue="" name="apikey" order="" paramOrder="0" parentOrder="0" sms-name="" src="request" sourcevalue="" srcformatvalue="" target="" targetdatatype="" testvalue="" value="gZ8PeGprpa1jORBL14qYqKx18qauapRH">
                <accessType></accessType>
            </param>
        </header>
        <param datatype="string" defaultvalue="" description="" encode="true" format="None" formatvalue="" name="userid" order="" paramOrder="1" parentOrder="-1" passnull="true" sms-name="" src="request" sourcevalue="" srcformatvalue="" target="request" targetdatatype="java.lang.String" testvalue="" value="">
            <accessType></accessType>
        </param>
        <param datatype="string" defaultvalue="" description="" encode="true" format="None" formatvalue="" name="pwd" order="" paramOrder="2" parentOrder="-1" passnull="true" sms-name="" src="request" sourcevalue="" srcformatvalue="" target="request" targetdatatype="java.lang.String" testvalue="" value="">
            <accessType></accessType>
        </param>
        <param datatype="string" defaultvalue="" description="" encode="true" format="None" formatvalue="" name="debitCustomerId" order="" paramOrder="3" parentOrder="-1" passnull="true" sms-name="" src="request" sourcevalue="" srcformatvalue="" target="request" targetdatatype="java.lang.String" testvalue="100336" value="">
            <accessType></accessType>
        </param>
        <param datatype="string" defaultvalue="" description="" encode="true" format="None" formatvalue="" name="standingOrderId" order="" paramOrder="4" parentOrder="-1" passnull="true" sms-name="" src="request" sourcevalue="" srcformatvalue="" target="request" targetdatatype="java.lang.String" testvalue="" value="">
            <accessType></accessType>
        </param>
        <param datatype="string" defaultvalue="" description="" encode="true" format="None" formatvalue="" name="accountId" order="" paramOrder="5" parentOrder="-1" passnull="true" sms-name="" src="request" sourcevalue="" srcformatvalue="" target="request" targetdatatype="java.lang.String" testvalue="" value="">
            <accessType></accessType>
        </param>
        <param datatype="string" defaultvalue="" description="" encode="true" format="None" formatvalue="" name="orderingCustomerId" order="" paramOrder="6" parentOrder="-1" passnull="true" sms-name="" src="request" sourcevalue="" srcformatvalue="" target="request" targetdatatype="java.lang.String" testvalue="" value="">
            <accessType></accessType>
        </param>
        <param datatype="number" defaultvalue="" description="" encode="true" format="None" formatvalue="" name="page_size" order="" paramOrder="7" parentOrder="-1" passnull="true" sms-name="" src="request" sourcevalue="" srcformatvalue="" target="request" targetdatatype="java.lang.String" testvalue="" value="">
            <accessType></accessType>
        </param>
        <param datatype="number" defaultvalue="" description="" encode="true" format="None" formatvalue="" name="page_start" order="" paramOrder="8" parentOrder="-1" passnull="true" sms-name="" src="request" sourcevalue="" srcformatvalue="" target="request" targetdatatype="java.lang.String" testvalue="" value="">
            <accessType></accessType>
        </param>
        <param datatype="string" defaultvalue="" description="" encode="true" format="None" formatvalue="" name="page_token" order="" paramOrder="9" parentOrder="-1" passnull="true" sms-name="" src="request" sourcevalue="" srcformatvalue="" target="request" targetdatatype="java.lang.String" testvalue="" value="">
            <accessType></accessType>
        </param>
        <param datatype="string" defaultvalue="" description="" encode="true" format="None" formatvalue="" name="credentials" order="" paramOrder="10" parentOrder="-1" passnull="true" sms-name="" src="request" sourcevalue="" srcformatvalue="" target="request" targetdatatype="java.lang.String" testvalue="" value="">
            <accessType></accessType>
        </param>
        <param datatype="string" defaultvalue="" description="" encode="true" format="None" formatvalue="" name="companyId" order="" paramOrder="11" parentOrder="-1" passnull="true" sms-name="" src="request" sourcevalue="" srcformatvalue="" target="request" targetdatatype="java.lang.String" testvalue="" value="">
            <accessType></accessType>
        </param>
        <template-param datatype="" defaultvalue="" description="" encode="false" format="" formatvalue="" name="criteria" order="" paramOrder="0" parentOrder="0" sms-name="" src="" sourcevalue="" srcformatvalue="" target="" targetdatatype="" value="">
            <accessType></accessType>
        </template-param>
    </service-input>
    <service-output passthrough="false">
        <dataset id="body" order="" paramOrder="10" parentOrder="0" src="">
            <dataset id="displayNames" order="" paramOrder="35" parentOrder="10" src="">
                <param datatype="string" defaultvalue="" description="" encode="true" format="None" formatvalue="" name="displayName" order="" paramOrder="36" parentOrder="35" passnull="false" sms-name="" src="" sourcevalue="" srcformatvalue="" target="response" targetdatatype="java.lang.String" testvalue="" value="">
                    <accessType></accessType>
                </param>
            </dataset>
            <dataset id="accountWithBanks" order="" paramOrder="37" parentOrder="10" src="">
                <param datatype="string" defaultvalue="" description="" encode="true" format="None" formatvalue="" name="accountWithBank" order="" paramOrder="38" parentOrder="37" passnull="false" sms-name="" src="" sourcevalue="" srcformatvalue="" target="response" targetdatatype="java.lang.String" testvalue="" value="">
                    <accessType></accessType>
                </param>
            </dataset>
            <param datatype="string" defaultvalue="" description="" encode="true" format="None" formatvalue="" name="standingOrderId" order="" paramOrder="11" parentOrder="10" passnull="false" sms-name="" src="" sourcevalue="" srcformatvalue="" target="response" targetdatatype="java.lang.String" testvalue="" value="">
                <accessType></accessType>
            </param>
            <param datatype="string" defaultvalue="" description="" encode="true" format="None" formatvalue="" name="orderType" order="" paramOrder="12" parentOrder="10" passnull="false" sms-name="" src="" sourcevalue="" srcformatvalue="" target="response" targetdatatype="java.lang.String" testvalue="" value="">
                <accessType></accessType>
            </param>
            <param datatype="string" defaultvalue="" description="" encode="true" format="None" formatvalue="" name="paymentMethod" order="" paramOrder="13" parentOrder="10" passnull="false" sms-name="" src="" sourcevalue="" srcformatvalue="" target="response" targetdatatype="java.lang.String" testvalue="" value="">
                <accessType></accessType>
            </param>
            <param datatype="string" defaultvalue="" description="" encode="true" format="None" formatvalue="" name="currencyId" order="" paramOrder="14" parentOrder="10" passnull="false" sms-name="" src="" sourcevalue="" srcformatvalue="" target="response" targetdatatype="java.lang.String" testvalue="" value="">
                <accessType></accessType>
            </param>
            <param datatype="number" defaultvalue="" description="" encode="true" format="None" formatvalue="" name="amount" order="" paramOrder="15" parentOrder="10" passnull="false" sms-name="" src="" sourcevalue="" srcformatvalue="" target="response" targetdatatype="java.lang.String" testvalue="" value="">
                <accessType></accessType>
            </param>
            <param datatype="string" defaultvalue="" description="" encode="true" format="None" formatvalue="" name="currentFrequency" order="" paramOrder="16" parentOrder="10" passnull="false" sms-name="" src="" sourcevalue="" srcformatvalue="" target="response" targetdatatype="java.lang.String" testvalue="" value="">
                <accessType></accessType>
            </param>
            <param datatype="string" defaultvalue="" description="" encode="true" format="None" formatvalue="" name="counterPartyAccountId" order="" paramOrder="17" parentOrder="10" passnull="false" sms-name="" src="" sourcevalue="" srcformatvalue="" target="response" targetdatatype="java.lang.String" testvalue="" value="">
                <accessType></accessType>
            </param>
            <param datatype="string" defaultvalue="" description="" encode="true" format="None" formatvalue="" name="beneficiaryId" order="" paramOrder="18" parentOrder="10" passnull="false" sms-name="" src="" sourcevalue="" srcformatvalue="" target="response" targetdatatype="java.lang.String" testvalue="" value="">
                <accessType></accessType>
            </param>
            <param datatype="string" defaultvalue="" description="" encode="true" format="None" formatvalue="" name="payTo" order="" paramOrder="19" parentOrder="10" passnull="false" sms-name="" src="" sourcevalue="" srcformatvalue="" target="response" targetdatatype="java.lang.String" testvalue="" value="">
                <accessType></accessType>
            </param>
            <param datatype="string" defaultvalue="" description="" encode="true" format="None" formatvalue="" name="currentFrequencyDate" order="" paramOrder="20" parentOrder="10" passnull="false" sms-name="" src="" sourcevalue="" srcformatvalue="" target="response" targetdatatype="java.lang.String" testvalue="" value="">
                <accessType></accessType>
            </param>
            <param datatype="string" defaultvalue="" description="" encode="true" format="None" formatvalue="" name="frequency" order="" paramOrder="21" parentOrder="10" passnull="false" sms-name="" src="" sourcevalue="" srcformatvalue="" target="response" targetdatatype="java.lang.String" testvalue="" value="">
                <accessType></accessType>
            </param>
            <param datatype="string" defaultvalue="" description="" encode="true" format="None" formatvalue="" name="startDate" order="" paramOrder="22" parentOrder="10" passnull="false" sms-name="" src="" sourcevalue="" srcformatvalue="" target="response" targetdatatype="java.lang.String" testvalue="" value="">
                <accessType></accessType>
            </param>
            <param datatype="string" defaultvalue="" description="" encode="true" format="None" formatvalue="" name="currentEndDate" order="" paramOrder="23" parentOrder="10" passnull="false" sms-name="" src="" sourcevalue="" srcformatvalue="" target="response" targetdatatype="java.lang.String" testvalue="" value="">
                <accessType></accessType>
            </param>
            <param datatype="string" defaultvalue="" description="" encode="true" format="None" formatvalue="" name="futureNotice" order="" paramOrder="24" parentOrder="10" passnull="false" sms-name="" src="" sourcevalue="" srcformatvalue="" target="response" targetdatatype="java.lang.String" testvalue="" value="">
                <accessType></accessType>
            </param>
            <param datatype="string" defaultvalue="" description="" encode="true" format="None" formatvalue="" name="creditAccountId" order="" paramOrder="25" parentOrder="10" passnull="false" sms-name="" src="" sourcevalue="" srcformatvalue="" target="response" targetdatatype="java.lang.String" testvalue="" value="">
                <accessType></accessType>
            </param>
            <param datatype="string" defaultvalue="" description="" encode="true" format="None" formatvalue="" name="creditAccountName" order="" paramOrder="26" parentOrder="10" passnull="false" sms-name="" src="" sourcevalue="" srcformatvalue="" target="response" targetdatatype="java.lang.String" testvalue="" value="">
                <accessType></accessType>
            </param>
            <param datatype="string" defaultvalue="" description="" encode="true" format="None" formatvalue="" name="bankSortCode" order="" paramOrder="27" parentOrder="10" passnull="false" sms-name="" src="" sourcevalue="" srcformatvalue="" target="response" targetdatatype="java.lang.String" testvalue="" value="">
                <accessType></accessType>
            </param>
            <param datatype="string" defaultvalue="" description="" encode="true" format="None" formatvalue="" name="stoStartDate" order="" paramOrder="28" parentOrder="10" passnull="false" sms-name="" src="" sourcevalue="" srcformatvalue="" target="response" targetdatatype="java.lang.String" testvalue="" value="">
                <accessType></accessType>
            </param>
            <param datatype="string" defaultvalue="" description="" encode="true" format="None" formatvalue="" name="beneficiaryBIC" order="" paramOrder="29" parentOrder="10" passnull="false" sms-name="" src="" sourcevalue="" srcformatvalue="" target="response" targetdatatype="java.lang.String" testvalue="" value="">
                <accessType></accessType>
            </param>
            <param datatype="string" defaultvalue="" description="" encode="true" format="None" formatvalue="" name="beneficiaryIBAN" order="" paramOrder="30" parentOrder="10" passnull="false" sms-name="" src="" sourcevalue="" srcformatvalue="" target="response" targetdatatype="java.lang.String" testvalue="" value="">
                <accessType></accessType>
            </param>
            <param datatype="string" defaultvalue="" description="" encode="true" format="None" formatvalue="" name="beneficiaryOurCharges" order="" paramOrder="31" parentOrder="10" passnull="false" sms-name="" src="" sourcevalue="" srcformatvalue="" target="response" targetdatatype="java.lang.String" testvalue="" value="">
                <accessType></accessType>
            </param>
            <param datatype="string" defaultvalue="" description="" encode="true" format="None" formatvalue="" name="paymentOrderProductName" order="" paramOrder="32" parentOrder="10" passnull="false" sms-name="" src="" sourcevalue="" srcformatvalue="" target="response" targetdatatype="java.lang.String" testvalue="" value="">
                <accessType></accessType>
            </param>
            <param datatype="string" defaultvalue="" description="" encode="true" format="None" formatvalue="" name="beneficiaryCountryId" order="" paramOrder="33" parentOrder="10" passnull="false" sms-name="" src="" sourcevalue="" srcformatvalue="" target="response" targetdatatype="java.lang.String" testvalue="" value="">
                <accessType></accessType>
            </param>
            <param datatype="string" defaultvalue="" description="" encode="true" format="None" formatvalue="" name="versionNumber" order="" paramOrder="34" parentOrder="10" passnull="false" sms-name="" src="" sourcevalue="" srcformatvalue="" target="response" targetdatatype="java.lang.String" testvalue="" value="">
                <accessType></accessType>
            </param>
        </dataset>
        <record id="header" order="" paramOrder="1" parentOrder="0" src="">
            <param datatype="number" defaultvalue="" description="" encode="true" format="None" formatvalue="" name="page_size" order="" paramOrder="2" parentOrder="1" passnull="false" sms-name="" src="" sourcevalue="" srcformatvalue="" target="response" targetdatatype="java.lang.String" testvalue="" value="">
                <accessType></accessType>
            </param>
            <param datatype="number" defaultvalue="" description="" encode="true" format="None" formatvalue="" name="page_start" order="" paramOrder="3" parentOrder="1" passnull="false" sms-name="" src="" sourcevalue="" srcformatvalue="" target="response" targetdatatype="java.lang.String" testvalue="" value="">
                <accessType></accessType>
            </param>
            <param datatype="number" defaultvalue="" description="" encode="true" format="None" formatvalue="" name="total_size" order="" paramOrder="4" parentOrder="1" passnull="false" sms-name="" src="" sourcevalue="" srcformatvalue="" target="response" targetdatatype="java.lang.String" testvalue="" value="">
                <accessType></accessType>
            </param>
            <param datatype="string" defaultvalue="" description="" encode="true" format="None" formatvalue="" name="page_token" order="" paramOrder="5" parentOrder="1" passnull="false" sms-name="" src="" sourcevalue="" srcformatvalue="" target="response" targetdatatype="java.lang.String" testvalue="" value="">
                <accessType></accessType>
            </param>
            <record id="audit" order="" paramOrder="6" parentOrder="1" src="">
                <param datatype="number" defaultvalue="" description="" encode="true" format="None" formatvalue="" name="T24_time" order="" paramOrder="7" parentOrder="6" passnull="false" sms-name="" src="" sourcevalue="" srcformatvalue="" target="response" targetdatatype="java.lang.String" testvalue="" value="">
                    <accessType></accessType>
                </param>
                <param datatype="string" defaultvalue="" description="" encode="true" format="None" formatvalue="" name="versionNumber" order="" paramOrder="8" parentOrder="6" passnull="false" sms-name="" src="" sourcevalue="" srcformatvalue="" target="response" targetdatatype="java.lang.String" testvalue="" value="">
                    <accessType></accessType>
                </param>
                <param datatype="number" defaultvalue="" description="" encode="true" format="None" formatvalue="" name="parse_time" order="" paramOrder="9" parentOrder="6" passnull="false" sms-name="" src="" sourcevalue="" srcformatvalue="" target="response" targetdatatype="java.lang.String" testvalue="" value="">
                    <accessType></accessType>
                </param>
            </record>
        </record>
    </service-output>
</service>
